{"Mods":[{"Author":"Goonsack","Name":"Stackable ASI Feats","Folder":"Stackable ASI Feats","Version":"36591746972385281","Description":"Allows Feats, both vanilla passive selectors and ASI selectors to go beyond the ability score cap of 20. Turns ASI Feats into passive selectors to make them selectable even when the available stat choices are capped.","UUID":"1e487418-729f-4c29-8de3-55bb70324d86","Created":"2025-08-23T22:00:31.0238401+10:00","Dependencies":[],"Group":"ca147c78-fff5-471c-bedc-6dcab42bfa61"}],"MD5":"4625fd20f235acd109eac9af8d6678f9"}