{"Mods":[{"Author":"Cahoot & Goonsack","Name":"Stackable ASI Feats - Planescape","Folder":"Stackable ASI Feats - Planescape","Version":"36732484460740608","Description":"Patch for Bibsan's Features from DnD 5E Planescape mod to turn ASI feats into passive selectors, allowing them to go beyond the ability score cap of 20.","UUID":"007e1360-fba6-4d6d-8f9c-4793328c53aa","Created":"2025-11-06T14:04:03.8410358+11:00","Dependencies":[],"Group":"6f6653a0-7d03-4d21-9815-fee3e8f5e76a"}],"MD5":"cbd8a0d3f6aeb7e3289ff77b3c6fe674"}