{"Mods":[{"Author":"Cahoot","Name":"Stackable ASI Feats_EssentialFeats","Folder":"Stackable ASI Feats_EssentialFeats","Version":"36028797018963968","Description":"Patch for Syrchalis' Essential Feats mod to turn ASI feats into passive selectors, allowing them to go beyond the ability score cap of 20.","UUID":"91c2d035-4673-426b-a630-46a4f27493d6","Created":"2025-10-16T20:11:23.0878439-04:00","Dependencies":[],"Group":"03c141f3-5ae7-4daf-a598-673ad7248cd8"}],"MD5":"4e1fe20b45fc99aa9cb4252fa3a2f6db"}