{"Mods":[{"Author":"Cahoot","Name":"Stackable ASI Feats_EssentialFeats","Folder":"Stackable ASI Feats_EssentialFeats","Version":"36028797018963968","Description":"Patch for Syrchalis' Essential Feats mod to turn ASI feats into passive selectors, allowing them to go beyond the ability score cap of 20.","UUID":"91c2d035-4673-426b-a630-46a4f27493d6","Created":"2025-10-16T20:40:19.6920341-04:00","Dependencies":[],"Group":"22a2fd55-c202-45aa-b2c4-1edf677d004d"}],"MD5":"9e294bb874646cce0770c051da691116"}