{"Mods":[{"Author":"Cahoot & Goonsack","Name":"Stackable ASI Feats - Essential Feats","Folder":"Stackable ASI Feats - Essential Feats","Version":"36732484460740609","Description":"Patch for Syrchalis' Essential Feats mod to turn ASI feats into passive selectors, allowing them to go beyond the ability score cap of 20.","UUID":"91c2d035-4673-426b-a630-46a4f27493d6","Created":"2025-12-05T10:56:37.5838213+11:00","Dependencies":[],"Group":"9fd758ae-dcfe-43f7-8f75-b9f75943469c"}],"MD5":"257ba4d2658a89a1cb3af9201350bd0a"}