{"Mods":[{"Author":"Cahoot & Goonsack","Name":"Stackable ASI Feats - Essential Feats","Folder":"Stackable ASI Feats - Essential Feats","Version":"36732486608224256","Description":"Patch for Syrchalis' Essential Feats mod to turn ASI feats into passive selectors, allowing them to go beyond the ability score cap of 20.","UUID":"91c2d035-4673-426b-a630-46a4f27493d6","Created":"2025-12-04T18:04:24.6677089-05:00","Dependencies":[],"Group":"9d7ecb3e-2bbb-4f39-b44a-a4547e5604a8"}],"MD5":"d779f138f15defe9d433993c1a086c45"}