{"Mods":[{"Author":"Cahoot & Goonsack","Name":"Stackable ASI Feats - Essential Feats","Folder":"Stackable ASI Feats - Essential Feats","Version":"36732484460740608","Description":"Patch for Syrchalis' Essential Feats mod to turn ASI feats into passive selectors, allowing them to go beyond the ability score cap of 20.","UUID":"91c2d035-4673-426b-a630-46a4f27493d6","Created":"2025-11-06T14:04:02.1021899+11:00","Dependencies":[],"Group":"e33aaa5f-878b-4de7-a67f-cf3e2a3d3763"}],"MD5":"a26bad5f1eb980fe0e462e327c4af257"}