{"Mods":[{"Author":"Cahoot & Goonsack","Name":"Stackable ASI Feats - Essential Feats","Folder":"Stackable ASI Feats - Essential Feats","Version":"36732484460740610","Description":"Patch for Syrchalis' Essential Feats mod to turn ASI feats into passive selectors, allowing them to go beyond the ability score cap of 20.","UUID":"91c2d035-4673-426b-a630-46a4f27493d6","Created":"2025-12-10T14:39:31.6612669+11:00","Dependencies":[],"Group":"159570c1-0bfb-48bf-8908-fcd1729a7563"}],"MD5":"fb4372c134295ee6e97140ce4600b9ac"}